entry_id,username,password
1,user_01,passw0rd!01a
2,user_02,passw0rd!02b
3,user_03,passw0rd!03c
4,user_04,passw0rd!04d
5,user_05,passw0rd!05e
6,user_06,passw0rd!06f
7,user_07,passw0rd!07g
8,user_08,passw0rd!08h
9,user_09,passw0rd!09i
10,user_10,passw0rd!10j
11,user_11,passw0rd!11k
12,user_12,passw0rd!12l
13,user_13,passw0rd!13m
14,user_14,passw0rd!14n
15,user_15,passw0rd!15o
16,user_16,passw0rd!16p
17,user_17,passw0rd!17q
18,user_18,passw0rd!18r
19,user_19,passw0rd!19s
20,user_20,passw0rd!20t
21,user_21,passw0rd!21u
22,user_22,passw0rd!22v
23,user_23,passw0rd!23w
24,user_24,passw0rd!24x
25,user_25,passw0rd!25y
26,user_26,passw0rd!26z
27,user_27,passw0rd!27a
28,user_28,passw0rd!28b
29,user_29,passw0rd!29c
30,user_30,passw0rd!30d
31,user_31,passw0rd!31e
32,user_32,passw0rd!32f
33,user_33,passw0rd!33g
34,user_34,passw0rd!34h
35,user_35,passw0rd!35i
36,user_36,passw0rd!36j
37,user_37,passw0rd!37k
38,user_38,passw0rd!38l
39,user_39,passw0rd!39m
40,user_40,passw0rd!40n
41,user_41,passw0rd!41o
42,user_42,passw0rd!42p
43,user_43,passw0rd!43q
44,user_44,passw0rd!44r
45,user_45,passw0rd!45s
46,user_46,passw0rd!46t
47,user_47,passw0rd!47u
48,user_48,passw0rd!48v
49,user_49,passw0rd!49w
50,user_50,passw0rd!50x
51,user_51,passw0rd!51y
52,user_52,passw0rd!52z
53,user_53,passw0rd!53a
54,user_54,passw0rd!54b
55,user_55,passw0rd!55c
56,user_56,passw0rd!56d
57,user_57,passw0rd!57e
58,user_58,passw0rd!58f
59,user_59,passw0rd!59g
60,user_60,passw0rd!60h
61,user_61,passw0rd!61i
62,user_62,passw0rd!62j
63,user_63,passw0rd!63k
64,user_64,passw0rd!64l
65,user_65,passw0rd!65m
66,user_66,passw0rd!66n
67,user_67,passw0rd!67o
68,user_68,passw0rd!68p
69,user_69,passw0rd!69q
70,user_70,passw0rd!70r
